Master Code,Legacy Code,Category,Sub Category,Brand/Short Code,Item Name,Specification,Unit,Base Rate/Price,GST/TAX,HSN Code,Existing Image URL,Suggested Image Path,Suggested Image File,Match Score,Upload Status
MAT-000128,BATH000128,Bathroom Fittings,Bathroom Fitting,Parryware,"Parryware CONNECTION PIPE 24""","Parryware CONNECTION PIPE 24""",Nos,?80.24,18%,8585 80 90,,catalog_images/ppr_item_1.jpg,ppr_item_1.jpg,3,READY_FOR_IMAGE_UPLOAD
MAT-000128,BATH000128,Bathroom Fittings,Bathroom Fitting,Parryware,"Parryware CONNECTION PIPE 24""","Parryware CONNECTION PIPE 24""",Nos,?80.24,18%,8585 80 90,,catalog_images/ppr_item_2.jpg,ppr_item_2.jpg,3,READY_FOR_IMAGE_UPLOAD
MAT-000128,BATH000128,Bathroom Fittings,Bathroom Fitting,Parryware,"Parryware CONNECTION PIPE 24""","Parryware CONNECTION PIPE 24""",Nos,?80.24,18%,8585 80 90,,catalog_images/ppr_item_3.jpg,ppr_item_3.jpg,3,READY_FOR_IMAGE_UPLOAD
MAT-000128,BATH000128,Bathroom Fittings,Bathroom Fitting,Parryware,"Parryware CONNECTION PIPE 24""","Parryware CONNECTION PIPE 24""",Nos,?80.24,18%,8585 80 90,,catalog_images/ppr_item_4.jpg,ppr_item_4.jpg,3,READY_FOR_IMAGE_UPLOAD
MAT-000494,ELEC000494,Electrical-Conduit Pipes,Conduit,Finolex,PVC Conduit Pipe 20mm - Finolex,PVC Conduit Pipe 20mm - Finolex,Meter,?48.00,18%,8541 10 00,,catalog_images/ppr_item_5.jpg,ppr_item_5.jpg,3,READY_FOR_IMAGE_UPLOAD
MAT-000491,ELEC000491,Electrical-Conduit Pipes,Conduit,Finolex,PVC Conduit Pipe 25mm - Finolex,PVC Conduit Pipe 25mm - Finolex,Meter,?60.00,18%,8538 10 00,,catalog_images/ppr_item_6.jpg,ppr_item_6.jpg,3,READY_FOR_IMAGE_UPLOAD
MAT-000497,ELEC000497,Electrical-Conduit Pipes,Electrical,Finolex,PVC Elbow 25mm - Finolex,PVC Elbow 25mm - Finolex,Nos,?6.00,18%,8539 10 00,,catalog_images/ppr_item_7.jpg,ppr_item_7.jpg,3,READY_FOR_IMAGE_UPLOAD
MAT-000131,BATH000131,Bathroom Fittings,Diverter,Jaquar,Jaquar Concealed body for Single Lever Diverter - 40mm,Jaquar Concealed body for Single Lever Diverter - 40mm,Nos,"?3,120.00",18%,8588 80 90,,catalog_images/ppr_item_8.jpg,ppr_item_8.jpg,3,READY_FOR_IMAGE_UPLOAD
MAT-000494,ELEC000494,Electrical-Conduit Pipes,Conduit,Finolex,PVC Conduit Pipe 20mm - Finolex,PVC Conduit Pipe 20mm - Finolex,Meter,?48.00,18%,8541 10 00,,catalog_images/ppr_item_9.jpg,ppr_item_9.jpg,3,READY_FOR_IMAGE_UPLOAD
MAT-000491,ELEC000491,Electrical-Conduit Pipes,Conduit,Finolex,PVC Conduit Pipe 25mm - Finolex,PVC Conduit Pipe 25mm - Finolex,Meter,?60.00,18%,8538 10 00,,catalog_images/ppr_item_10.jpg,ppr_item_10.jpg,3,READY_FOR_IMAGE_UPLOAD
MAT-000497,ELEC000497,Electrical-Conduit Pipes,Electrical,Finolex,PVC Elbow 25mm - Finolex,PVC Elbow 25mm - Finolex,Nos,?6.00,18%,8539 10 00,,catalog_images/ppr_item_11.jpg,ppr_item_11.jpg,3,READY_FOR_IMAGE_UPLOAD
MAT-000131,BATH000131,Bathroom Fittings,Diverter,Jaquar,Jaquar Concealed body for Single Lever Diverter - 40mm,Jaquar Concealed body for Single Lever Diverter - 40mm,Nos,"?3,120.00",18%,8588 80 90,,catalog_images/ppr_item_12.jpg,ppr_item_12.jpg,3,READY_FOR_IMAGE_UPLOAD
MAT-000494,ELEC000494,Electrical-Conduit Pipes,Conduit,Finolex,PVC Conduit Pipe 20mm - Finolex,PVC Conduit Pipe 20mm - Finolex,Meter,?48.00,18%,8541 10 00,,catalog_images/ppr_item_13.jpg,ppr_item_13.jpg,3,READY_FOR_IMAGE_UPLOAD
MAT-000482,ELEC000482,Electrical-Conduit Accessories,Electrical,Finolex,PVC Tee 25mm - Finolex,PVC Tee 25mm - Finolex,Nos,?7.00,18%,3984 23 00,,catalog_images/ppr_item_14.jpg,ppr_item_14.jpg,4,READY_FOR_IMAGE_UPLOAD
MAT-000946,HDPE000946,HDPE Pipe & Fitting,Tee,Finolex,HDPE Tee 32mm - Finolex,HDPE Tee 32mm - Finolex,Nos,?11.00,18%,3949 23 90,,catalog_images/ppr_item_15.jpg,ppr_item_15.jpg,4,READY_FOR_IMAGE_UPLOAD
MAT-000131,BATH000131,Bathroom Fittings,Diverter,Jaquar,Jaquar Concealed body for Single Lever Diverter - 40mm,Jaquar Concealed body for Single Lever Diverter - 40mm,Nos,"?3,120.00",18%,8588 80 90,,catalog_images/ppr_item_16.jpg,ppr_item_16.jpg,3,READY_FOR_IMAGE_UPLOAD
MAT-000476,ELEC000476,Electrical-Conduit Accessories,Electrical,Finolex,PVC Coupler 20mm - Finolex,PVC Coupler 20mm - Finolex,Nos,?6.00,18%,3978 23 00,,catalog_images/ppr_item_17.jpg,ppr_item_17.jpg,4,READY_FOR_IMAGE_UPLOAD
MAT-000491,ELEC000491,Electrical-Conduit Pipes,Conduit,Finolex,PVC Conduit Pipe 25mm - Finolex,PVC Conduit Pipe 25mm - Finolex,Meter,?60.00,18%,8538 10 00,,catalog_images/ppr_item_18.jpg,ppr_item_18.jpg,3,READY_FOR_IMAGE_UPLOAD
MAT-000982,HDPE000982,HDPE Pipe & Fitting,Elbow,Generic,HDPE Elbow 32mm Tru - Pipes,HDPE Elbow 32mm Tru - Pipes,Nos,?9.90,18%,3985 23 90,,catalog_images/ppr_item_19.jpg,ppr_item_19.jpg,3,READY_FOR_IMAGE_UPLOAD
MAT-000131,BATH000131,Bathroom Fittings,Diverter,Jaquar,Jaquar Concealed body for Single Lever Diverter - 40mm,Jaquar Concealed body for Single Lever Diverter - 40mm,Nos,"?3,120.00",18%,8588 80 90,,catalog_images/ppr_item_20.jpg,ppr_item_20.jpg,3,READY_FOR_IMAGE_UPLOAD
MAT-000494,ELEC000494,Electrical-Conduit Pipes,Conduit,Finolex,PVC Conduit Pipe 20mm - Finolex,PVC Conduit Pipe 20mm - Finolex,Meter,?48.00,18%,8541 10 00,,catalog_images/ppr_item_21.jpg,ppr_item_21.jpg,3,READY_FOR_IMAGE_UPLOAD
MAT-000491,ELEC000491,Electrical-Conduit Pipes,Conduit,Finolex,PVC Conduit Pipe 25mm - Finolex,PVC Conduit Pipe 25mm - Finolex,Meter,?60.00,18%,8538 10 00,,catalog_images/ppr_item_22.jpg,ppr_item_22.jpg,3,READY_FOR_IMAGE_UPLOAD
MAT-000494,ELEC000494,Electrical-Conduit Pipes,Conduit,Finolex,PVC Conduit Pipe 20mm - Finolex,PVC Conduit Pipe 20mm - Finolex,Meter,?48.00,18%,8541 10 00,,catalog_images/ppr_item_23.jpg,ppr_item_23.jpg,3,READY_FOR_IMAGE_UPLOAD
MAT-000491,ELEC000491,Electrical-Conduit Pipes,Conduit,Finolex,PVC Conduit Pipe 25mm - Finolex,PVC Conduit Pipe 25mm - Finolex,Meter,?60.00,18%,8538 10 00,,catalog_images/ppr_item_24.jpg,ppr_item_24.jpg,3,READY_FOR_IMAGE_UPLOAD
MAT-000093,BATH000093,Bathroom Fittings,Bathroom Fitting,Grohe,Bathroom - Vanity Light - LED Spot - Grohe - ShinePoint,Bathroom - Vanity Light - LED Spot - Grohe - ShinePoint,Nos,"?1,150.00",18%,8550 80 90,,catalog_images/electrician_item_9.jpg,electrician_item_9.jpg,4,READY_FOR_IMAGE_UPLOAD
MAT-000093,BATH000093,Bathroom Fittings,Bathroom Fitting,Grohe,Bathroom - Vanity Light - LED Spot - Grohe - ShinePoint,Bathroom - Vanity Light - LED Spot - Grohe - ShinePoint,Nos,"?1,150.00",18%,8550 80 90,,catalog_images/electrician_item_10.jpg,electrician_item_10.jpg,4,READY_FOR_IMAGE_UPLOAD
MAT-000093,BATH000093,Bathroom Fittings,Bathroom Fitting,Grohe,Bathroom - Vanity Light - LED Spot - Grohe - ShinePoint,Bathroom - Vanity Light - LED Spot - Grohe - ShinePoint,Nos,"?1,150.00",18%,8550 80 90,,catalog_images/electrician_item_11.jpg,electrician_item_11.jpg,4,READY_FOR_IMAGE_UPLOAD
MAT-000093,BATH000093,Bathroom Fittings,Bathroom Fitting,Grohe,Bathroom - Vanity Light - LED Spot - Grohe - ShinePoint,Bathroom - Vanity Light - LED Spot - Grohe - ShinePoint,Nos,"?1,150.00",18%,8550 80 90,,catalog_images/electrician_item_12.jpg,electrician_item_12.jpg,4,READY_FOR_IMAGE_UPLOAD
MAT-000093,BATH000093,Bathroom Fittings,Bathroom Fitting,Grohe,Bathroom - Vanity Light - LED Spot - Grohe - ShinePoint,Bathroom - Vanity Light - LED Spot - Grohe - ShinePoint,Nos,"?1,150.00",18%,8550 80 90,,catalog_images/electrician_item_13.jpg,electrician_item_13.jpg,4,READY_FOR_IMAGE_UPLOAD
MAT-000093,BATH000093,Bathroom Fittings,Bathroom Fitting,Grohe,Bathroom - Vanity Light - LED Spot - Grohe - ShinePoint,Bathroom - Vanity Light - LED Spot - Grohe - ShinePoint,Nos,"?1,150.00",18%,8550 80 90,,catalog_images/electrician_item_14.jpg,electrician_item_14.jpg,4,READY_FOR_IMAGE_UPLOAD
MAT-000093,BATH000093,Bathroom Fittings,Bathroom Fitting,Grohe,Bathroom - Vanity Light - LED Spot - Grohe - ShinePoint,Bathroom - Vanity Light - LED Spot - Grohe - ShinePoint,Nos,"?1,150.00",18%,8550 80 90,,catalog_images/electrician_item_15.jpg,electrician_item_15.jpg,4,READY_FOR_IMAGE_UPLOAD
MAT-000093,BATH000093,Bathroom Fittings,Bathroom Fitting,Grohe,Bathroom - Vanity Light - LED Spot - Grohe - ShinePoint,Bathroom - Vanity Light - LED Spot - Grohe - ShinePoint,Nos,"?1,150.00",18%,8550 80 90,,catalog_images/electrician_item_16.jpg,electrician_item_16.jpg,4,READY_FOR_IMAGE_UPLOAD
MAT-000093,BATH000093,Bathroom Fittings,Bathroom Fitting,Grohe,Bathroom - Vanity Light - LED Spot - Grohe - ShinePoint,Bathroom - Vanity Light - LED Spot - Grohe - ShinePoint,Nos,"?1,150.00",18%,8550 80 90,,catalog_images/electrician_item_17.jpg,electrician_item_17.jpg,4,READY_FOR_IMAGE_UPLOAD
MAT-000093,BATH000093,Bathroom Fittings,Bathroom Fitting,Grohe,Bathroom - Vanity Light - LED Spot - Grohe - ShinePoint,Bathroom - Vanity Light - LED Spot - Grohe - ShinePoint,Nos,"?1,150.00",18%,8550 80 90,,catalog_images/electrician_item_18.jpg,electrician_item_18.jpg,4,READY_FOR_IMAGE_UPLOAD
MAT-000093,BATH000093,Bathroom Fittings,Bathroom Fitting,Grohe,Bathroom - Vanity Light - LED Spot - Grohe - ShinePoint,Bathroom - Vanity Light - LED Spot - Grohe - ShinePoint,Nos,"?1,150.00",18%,8550 80 90,,catalog_images/electrician_item_19.jpg,electrician_item_19.jpg,4,READY_FOR_IMAGE_UPLOAD
MAT-000093,BATH000093,Bathroom Fittings,Bathroom Fitting,Grohe,Bathroom - Vanity Light - LED Spot - Grohe - ShinePoint,Bathroom - Vanity Light - LED Spot - Grohe - ShinePoint,Nos,"?1,150.00",18%,8550 80 90,,catalog_images/electrician_item_20.jpg,electrician_item_20.jpg,4,READY_FOR_IMAGE_UPLOAD
MAT-002557,TMT 002557,TMT Bars,TMT 8mm,Tata Steel,TMT Bars - 8mm - Tata Steel,TMT Bars - 8mm - Tata Steel,Meter,?58.00,18%,6925 21 00,,catalog_images/civil_fullform_15.jpg,civil_fullform_15.jpg,4,READY_FOR_IMAGE_UPLOAD
MAT-000128,BATH000128,Bathroom Fittings,Bathroom Fitting,Parryware,"Parryware CONNECTION PIPE 24""","Parryware CONNECTION PIPE 24""",Nos,?80.24,18%,8585 80 90,,catalog_images/civil_fullform_21.jpg,civil_fullform_21.jpg,4,READY_FOR_IMAGE_UPLOAD
MAT-000261,CLAD000261,Cladding Sheet,ACP Sheet 3mm Matte Finish,Generic,ACP Sheet 3mm Matte Finish,ACP Sheet 3mm Matte Finish,Sq. Ft.,?105.00,18%,8540 10 00,,catalog_images/civil_fullform_22.jpg,civil_fullform_22.jpg,4,READY_FOR_IMAGE_UPLOAD
MAT-000182,CAST000182,Cast Iron,Socketed,Generic,CI Pipe - Socketed - 100mm Dia - IS3989,CI Pipe - Socketed - 100mm Dia - IS3989,Kgs,?78.00,18%,7303 00 90,,catalog_images/drainage_item_1.jpg,drainage_item_1.jpg,3,READY_FOR_IMAGE_UPLOAD
MAT-000497,ELEC000497,Electrical-Conduit Pipes,Electrical,Finolex,PVC Elbow 25mm - Finolex,PVC Elbow 25mm - Finolex,Nos,?6.00,18%,8539 10 00,,catalog_images/drainage_item_2.jpg,drainage_item_2.jpg,3,READY_FOR_IMAGE_UPLOAD
MAT-000497,ELEC000497,Electrical-Conduit Pipes,Electrical,Finolex,PVC Elbow 25mm - Finolex,PVC Elbow 25mm - Finolex,Nos,?6.00,18%,8539 10 00,,catalog_images/drainage_item_3.jpg,drainage_item_3.jpg,3,READY_FOR_IMAGE_UPLOAD
MAT-000189,CAST000189,Cast Iron,Equal,Generic,CI Pipe Tee - 100mm - Equal - IS3989,CI Pipe Tee - 100mm - Equal - IS3989,Kgs,?82.00,18%,7310 00 90,,catalog_images/drainage_item_4.jpg,drainage_item_4.jpg,3,READY_FOR_IMAGE_UPLOAD
MAT-000942,HDPE000942,HDPE Pipe & Fitting,Elbow,Finolex,HDPE Elbow 32mm - Finolex,HDPE Elbow 32mm - Finolex,Nos,?9.90,18%,3945 23 90,,catalog_images/drainage_item_5.jpg,drainage_item_5.jpg,3,READY_FOR_IMAGE_UPLOAD
MAT-000943,HDPE000943,HDPE Pipe & Fitting,Reducer,Finolex,HDPE Reducer 32 x 25mm - Finolex,HDPE Reducer 32 x 25mm - Finolex,Nos,?7.70,18%,3946 23 90,,catalog_images/drainage_item_6.jpg,drainage_item_6.jpg,3,READY_FOR_IMAGE_UPLOAD
MAT-000942,HDPE000942,HDPE Pipe & Fitting,Elbow,Finolex,HDPE Elbow 32mm - Finolex,HDPE Elbow 32mm - Finolex,Nos,?9.90,18%,3945 23 90,,catalog_images/drainage_item_7.jpg,drainage_item_7.jpg,3,READY_FOR_IMAGE_UPLOAD
MAT-000187,CAST000187,Cast Iron,90?,Generic,CI Pipe Bend - 100mm - 90? - IS3989,CI Pipe Bend - 100mm - 90? - IS3989,Kgs,?80.00,18%,7308 00 90,,catalog_images/drainage_item_8.jpg,drainage_item_8.jpg,3,READY_FOR_IMAGE_UPLOAD
MAT-000096,BATH000096,Bathroom Fittings,Bathroom Fitting,Cera,Bathroom - Sensor Bin - 10L - Cera - CleanWave,Bathroom - Sensor Bin - 10L - Cera - CleanWave,Nos,"?1,950.00",18%,8553 80 90,,catalog_images/drainage_item_9.jpg,drainage_item_9.jpg,3,READY_FOR_IMAGE_UPLOAD
MAT-000131,BATH000131,Bathroom Fittings,Diverter,Jaquar,Jaquar Concealed body for Single Lever Diverter - 40mm,Jaquar Concealed body for Single Lever Diverter - 40mm,Nos,"?3,120.00",18%,8588 80 90,,catalog_images/drainage_item_10.jpg,drainage_item_10.jpg,3,READY_FOR_IMAGE_UPLOAD
MAT-000131,BATH000131,Bathroom Fittings,Diverter,Jaquar,Jaquar Concealed body for Single Lever Diverter - 40mm,Jaquar Concealed body for Single Lever Diverter - 40mm,Nos,"?3,120.00",18%,8588 80 90,,catalog_images/drainage_item_11.jpg,drainage_item_11.jpg,3,READY_FOR_IMAGE_UPLOAD
MAT-000136,BATH000136,Bathroom Fittings,Faucet,Generic,Singulier  Wall-mount lavatory faucet with valve without drain,Singulier  Wall-mount lavatory faucet with valve without drain,Nos,"?12,270.00",18%,8593 80 90,,catalog_images/drainage_item_12.jpg,drainage_item_12.jpg,3,READY_FOR_IMAGE_UPLOAD
MAT-000942,HDPE000942,HDPE Pipe & Fitting,Elbow,Finolex,HDPE Elbow 32mm - Finolex,HDPE Elbow 32mm - Finolex,Nos,?9.90,18%,3945 23 90,,catalog_images/drainage_item_13.jpg,drainage_item_13.jpg,3,READY_FOR_IMAGE_UPLOAD
MAT-000187,CAST000187,Cast Iron,90?,Generic,CI Pipe Bend - 100mm - 90? - IS3989,CI Pipe Bend - 100mm - 90? - IS3989,Kgs,?80.00,18%,7308 00 90,,catalog_images/drainage_item_14.jpg,drainage_item_14.jpg,3,READY_FOR_IMAGE_UPLOAD
MAT-000187,CAST000187,Cast Iron,90?,Generic,CI Pipe Bend - 100mm - 90? - IS3989,CI Pipe Bend - 100mm - 90? - IS3989,Kgs,?80.00,18%,7308 00 90,,catalog_images/drainage_item_15.jpg,drainage_item_15.jpg,3,READY_FOR_IMAGE_UPLOAD
MAT-000128,BATH000128,Bathroom Fittings,Bathroom Fitting,Parryware,"Parryware CONNECTION PIPE 24""","Parryware CONNECTION PIPE 24""",Nos,?80.24,18%,8585 80 90,,catalog_images/drainage_item_16.jpg,drainage_item_16.jpg,3,READY_FOR_IMAGE_UPLOAD
MAT-000131,BATH000131,Bathroom Fittings,Diverter,Jaquar,Jaquar Concealed body for Single Lever Diverter - 40mm,Jaquar Concealed body for Single Lever Diverter - 40mm,Nos,"?3,120.00",18%,8588 80 90,,catalog_images/drainage_item_17.jpg,drainage_item_17.jpg,3,READY_FOR_IMAGE_UPLOAD
MAT-000942,HDPE000942,HDPE Pipe & Fitting,Elbow,Finolex,HDPE Elbow 32mm - Finolex,HDPE Elbow 32mm - Finolex,Nos,?9.90,18%,3945 23 90,,catalog_images/drainage_item_18.jpg,drainage_item_18.jpg,3,READY_FOR_IMAGE_UPLOAD
MAT-000128,BATH000128,Bathroom Fittings,Bathroom Fitting,Parryware,"Parryware CONNECTION PIPE 24""","Parryware CONNECTION PIPE 24""",Nos,?80.24,18%,8585 80 90,,catalog_images/drainage_item_19.jpg,drainage_item_19.jpg,3,READY_FOR_IMAGE_UPLOAD
MAT-000140,BATH000140,Bathroom Fittings,Basin Mixer,Generic,Single Lever Basin mixer with 450mm braided connection pipe (without pop-up),Single Lever Basin mixer with 450mm braided connection pipe (without pop-up),Nos,"?5,997.00",18%,8597 80 90,,catalog_images/drainage_item_20.jpg,drainage_item_20.jpg,3,READY_FOR_IMAGE_UPLOAD
MAT-000395,ELEC000395,Electrical -Connectors,Electrical,Havells,Heavy Duty Connector 16A 4P - Havells,Heavy Duty Connector 16A 4P - Havells,Nos,?620.00,18%,8545 42 20,,item_images/item_1_20mm_heavy_duty_conduit_pipe.jpg,item_1_20mm_heavy_duty_conduit_pipe.jpg,3,READY_FOR_IMAGE_UPLOAD
MAT-000395,ELEC000395,Electrical -Connectors,Electrical,Havells,Heavy Duty Connector 16A 4P - Havells,Heavy Duty Connector 16A 4P - Havells,Nos,?620.00,18%,8545 42 20,,item_images/item_2_25mm_heavy_duty_conduit_pipe.jpg,item_2_25mm_heavy_duty_conduit_pipe.jpg,3,READY_FOR_IMAGE_UPLOAD
MAT-000395,ELEC000395,Electrical -Connectors,Electrical,Havells,Heavy Duty Connector 16A 4P - Havells,Heavy Duty Connector 16A 4P - Havells,Nos,?620.00,18%,8545 42 20,,item_images/item_3_32mm_heavy_duty_conduit_pipe.jpg,item_3_32mm_heavy_duty_conduit_pipe.jpg,3,READY_FOR_IMAGE_UPLOAD
MAT-000395,ELEC000395,Electrical -Connectors,Electrical,Havells,Heavy Duty Connector 16A 4P - Havells,Heavy Duty Connector 16A 4P - Havells,Nos,?620.00,18%,8545 42 20,,item_images/item_4_40mm_heavy_duty_conduit_pipe.jpg,item_4_40mm_heavy_duty_conduit_pipe.jpg,3,READY_FOR_IMAGE_UPLOAD
MAT-001316,PAIN001316,Paint Accessories,Paint Accessory,Dulux,"Paint Roller - Long Handle - Dulux - 12""","Paint Roller - Long Handle - Dulux - 12""",Nos,?225.00,18%,3212 10 90,,item_images/item_5_20mm_long_bend.jpg,item_5_20mm_long_bend.jpg,4,READY_FOR_IMAGE_UPLOAD
MAT-000443,ELEC000443,Electrical-Cable Accessories,Cable,Havells,Cable Gland 25mm Brass - Havells,Cable Gland 25mm Brass - Havells,Nos,?22.00,18%,3945 23 00,,item_images/item_6_25mm_long_bend.jpg,item_6_25mm_long_bend.jpg,3,READY_FOR_IMAGE_UPLOAD
MAT-001316,PAIN001316,Paint Accessories,Paint Accessory,Dulux,"Paint Roller - Long Handle - Dulux - 12""","Paint Roller - Long Handle - Dulux - 12""",Nos,?225.00,18%,3212 10 90,,item_images/item_7_32mm_long_bend.jpg,item_7_32mm_long_bend.jpg,4,READY_FOR_IMAGE_UPLOAD
MAT-001316,PAIN001316,Paint Accessories,Paint Accessory,Dulux,"Paint Roller - Long Handle - Dulux - 12""","Paint Roller - Long Handle - Dulux - 12""",Nos,?225.00,18%,3212 10 90,,item_images/item_8_40mm_long_bend.jpg,item_8_40mm_long_bend.jpg,4,READY_FOR_IMAGE_UPLOAD
MAT-000443,ELEC000443,Electrical-Cable Accessories,Cable,Havells,Cable Gland 25mm Brass - Havells,Cable Gland 25mm Brass - Havells,Nos,?22.00,18%,3945 23 00,,item_images/item_10_25mm_bypass_bend.jpg,item_10_25mm_bypass_bend.jpg,3,READY_FOR_IMAGE_UPLOAD
MAT-000335,ELEC000335,Electrical - Enclosures,Electrical,Havells,Enclosure Box IP65 200x150mm - Havells,Enclosure Box IP65 200x150mm - Havells,Nos,?480.00,18%,8536 69 90,,item_images/item_12_fan_box_round.jpg,item_12_fan_box_round.jpg,3,READY_FOR_IMAGE_UPLOAD
MAT-000335,ELEC000335,Electrical - Enclosures,Electrical,Havells,Enclosure Box IP65 200x150mm - Havells,Enclosure Box IP65 200x150mm - Havells,Nos,?480.00,18%,8536 69 90,,item_images/item_13_fan_box_deep.jpg,item_13_fan_box_deep.jpg,3,READY_FOR_IMAGE_UPLOAD
MAT-000033,BATH000033,Bathroom Fittings,Bathroom Fitting,Jaquar,Bathroom - Flush System - Concealed Cistern - Jaquar,Bathroom - Flush System - Concealed Cistern - Jaquar,Nos,"?1,850.00",18%,8490 80 90,,item_images/item_14_3_module_concealed_box.jpg,item_14_3_module_concealed_box.jpg,4,READY_FOR_IMAGE_UPLOAD
MAT-000033,BATH000033,Bathroom Fittings,Bathroom Fitting,Jaquar,Bathroom - Flush System - Concealed Cistern - Jaquar,Bathroom - Flush System - Concealed Cistern - Jaquar,Nos,"?1,850.00",18%,8490 80 90,,item_images/item_15_4_module_concealed_box.jpg,item_15_4_module_concealed_box.jpg,4,READY_FOR_IMAGE_UPLOAD
MAT-000033,BATH000033,Bathroom Fittings,Bathroom Fitting,Jaquar,Bathroom - Flush System - Concealed Cistern - Jaquar,Bathroom - Flush System - Concealed Cistern - Jaquar,Nos,"?1,850.00",18%,8490 80 90,,item_images/item_16_6_module_concealed_box.jpg,item_16_6_module_concealed_box.jpg,4,READY_FOR_IMAGE_UPLOAD
MAT-000033,BATH000033,Bathroom Fittings,Bathroom Fitting,Jaquar,Bathroom - Flush System - Concealed Cistern - Jaquar,Bathroom - Flush System - Concealed Cistern - Jaquar,Nos,"?1,850.00",18%,8490 80 90,,item_images/item_17_8_module_concealed_box.jpg,item_17_8_module_concealed_box.jpg,4,READY_FOR_IMAGE_UPLOAD
MAT-000033,BATH000033,Bathroom Fittings,Bathroom Fitting,Jaquar,Bathroom - Flush System - Concealed Cistern - Jaquar,Bathroom - Flush System - Concealed Cistern - Jaquar,Nos,"?1,850.00",18%,8490 80 90,,item_images/item_18_12_module_concealed_box.jpg,item_18_12_module_concealed_box.jpg,4,READY_FOR_IMAGE_UPLOAD
MAT-000335,ELEC000335,Electrical - Enclosures,Electrical,Havells,Enclosure Box IP65 200x150mm - Havells,Enclosure Box IP65 200x150mm - Havells,Nos,?480.00,18%,8536 69 90,,item_images/item_19_gang_box.jpg,item_19_gang_box.jpg,3,READY_FOR_IMAGE_UPLOAD
MAT-000335,ELEC000335,Electrical - Enclosures,Electrical,Havells,Enclosure Box IP65 200x150mm - Havells,Enclosure Box IP65 200x150mm - Havells,Nos,?480.00,18%,8536 69 90,,item_images/item_20_universal_concealed_box.jpg,item_20_universal_concealed_box.jpg,3,READY_FOR_IMAGE_UPLOAD
MAT-000190,CEME000190,Cement,OPC 53 Grade,Ultratech,Cement 50kg Bag - OPC 53 Grade - Ultratech,Cement 50kg Bag - OPC 53 Grade - Ultratech,Bag,?395.00,18%,8414 80 90,,1000303427.jpg,1000303427.jpg,4,READY_FOR_IMAGE_UPLOAD
MAT-000190,CEME000190,Cement,OPC 53 Grade,Ultratech,Cement 50kg Bag - OPC 53 Grade - Ultratech,Cement 50kg Bag - OPC 53 Grade - Ultratech,Bag,?395.00,18%,8414 80 90,,1000303427.jpg,1000303427.jpg,4,READY_FOR_IMAGE_UPLOAD
MAT-000190,CEME000190,Cement,OPC 53 Grade,Ultratech,Cement 50kg Bag - OPC 53 Grade - Ultratech,Cement 50kg Bag - OPC 53 Grade - Ultratech,Bag,?395.00,18%,8414 80 90,,1000303427.jpg,1000303427.jpg,4,READY_FOR_IMAGE_UPLOAD
MAT-000190,CEME000190,Cement,OPC 53 Grade,Ultratech,Cement 50kg Bag - OPC 53 Grade - Ultratech,Cement 50kg Bag - OPC 53 Grade - Ultratech,Bag,?395.00,18%,8414 80 90,,1000303427.jpg,1000303427.jpg,4,READY_FOR_IMAGE_UPLOAD
MAT-000190,CEME000190,Cement,OPC 53 Grade,Ultratech,Cement 50kg Bag - OPC 53 Grade - Ultratech,Cement 50kg Bag - OPC 53 Grade - Ultratech,Bag,?395.00,18%,8414 80 90,,1000303427.jpg,1000303427.jpg,4,READY_FOR_IMAGE_UPLOAD
MAT-000190,CEME000190,Cement,OPC 53 Grade,Ultratech,Cement 50kg Bag - OPC 53 Grade - Ultratech,Cement 50kg Bag - OPC 53 Grade - Ultratech,Bag,?395.00,18%,8414 80 90,,1000303427.jpg,1000303427.jpg,4,READY_FOR_IMAGE_UPLOAD
MAT-000190,CEME000190,Cement,OPC 53 Grade,Ultratech,Cement 50kg Bag - OPC 53 Grade - Ultratech,Cement 50kg Bag - OPC 53 Grade - Ultratech,Bag,?395.00,18%,8414 80 90,,1000303427.jpg,1000303427.jpg,4,READY_FOR_IMAGE_UPLOAD
MAT-000190,CEME000190,Cement,OPC 53 Grade,Ultratech,Cement 50kg Bag - OPC 53 Grade - Ultratech,Cement 50kg Bag - OPC 53 Grade - Ultratech,Bag,?395.00,18%,8414 80 90,,1000303427.jpg,1000303427.jpg,4,READY_FOR_IMAGE_UPLOAD
MAT-000190,CEME000190,Cement,OPC 53 Grade,Ultratech,Cement 50kg Bag - OPC 53 Grade - Ultratech,Cement 50kg Bag - OPC 53 Grade - Ultratech,Bag,?395.00,18%,8414 80 90,,1000303427.jpg,1000303427.jpg,4,READY_FOR_IMAGE_UPLOAD
MAT-000190,CEME000190,Cement,OPC 53 Grade,Ultratech,Cement 50kg Bag - OPC 53 Grade - Ultratech,Cement 50kg Bag - OPC 53 Grade - Ultratech,Bag,?395.00,18%,8414 80 90,,1000303427.jpg,1000303427.jpg,4,READY_FOR_IMAGE_UPLOAD
