"Row","Master Code","Item Name","Search Query","Status","Output File","Source Page","Image URL","Creator","License","License URL","Error"
"1","MAT-001784","PVC Pipe 1"" - Astral","Astral PVC Pipe 1 inch | PVC Pipe 1 inch | Astral PVC Pipe | PVC Pipe | Pipe Plumbing PVC Pipes & Fittings | Plumbing PVC Pipes & Fittings","SkippedExisting","downloads\MAT-001784.webp","","","","","",""
"2","MAT-001785","PVC Pipe 1.5"" - Astral","Astral PVC Pipe 1.5 inch | PVC Pipe 1.5 inch | Astral PVC Pipe | PVC Pipe | Pipe Plumbing PVC Pipes & Fittings | Plumbing PVC Pipes & Fittings","SkippedExisting","downloads\MAT-001785.webp","","","","","",""
"3","MAT-001786","PVC Pipe 2"" - Astral","Astral PVC Pipe 2 inch | PVC Pipe 2 inch | Astral PVC Pipe | PVC Pipe | Pipe Plumbing PVC Pipes & Fittings | Plumbing PVC Pipes & Fittings","SkippedExisting","downloads\MAT-001786.webp","","","","","",""
"4","MAT-001787","PVC Pipe 2.5"" - Astral","Astral PVC Pipe 2.5 inch | PVC Pipe 2.5 inch | Astral PVC Pipe | PVC Pipe | Pipe Plumbing PVC Pipes & Fittings | Plumbing PVC Pipes & Fittings","SkippedExisting","downloads\MAT-001787.webp","","","","","",""
"5","MAT-001788","PVC Pipe 3"" - Astral","Astral PVC Pipe 3 inch | PVC Pipe 3 inch | Astral PVC Pipe | PVC Pipe | Pipe Plumbing PVC Pipes & Fittings | Plumbing PVC Pipes & Fittings","SkippedExisting","downloads\MAT-001788.webp","","","","","",""
"6","MAT-001789","PVC Pipe 4"" - Astral","Astral PVC Pipe 4 inch | PVC Pipe 4 inch | Astral PVC Pipe | PVC Pipe | Pipe Plumbing PVC Pipes & Fittings | Plumbing PVC Pipes & Fittings","SkippedExisting","downloads\MAT-001789.webp","","","","","",""
"7","MAT-001859","PVC Pipe 125mm - Finolex","Finolex PVC Pipe 125 mm | PVC Pipe 125 mm | Finolex PVC Pipe | PVC Pipe | Pipe Plumbing PVC Pipes & Fittings | Plumbing PVC Pipes & Fittings","SkippedExisting","downloads\MAT-001859.webp","","","","","",""
"8","MAT-001881","PVC Pipe 1/2"" - Finolex","Finolex PVC Pipe 1/2 inch | PVC Pipe 1/2 inch | Finolex PVC Pipe | PVC Pipe | Pipe Plumbing PVC Pipes & Fittings | Plumbing PVC Pipes & Fittings","SkippedExisting","downloads\MAT-001881.webp","","","","","",""
"9","MAT-001882","PVC Pipe 3/4"" - Finolex","Finolex PVC Pipe 3/4 inch | PVC Pipe 3/4 inch | Finolex PVC Pipe | PVC Pipe | Pipe Plumbing PVC Pipes & Fittings | Plumbing PVC Pipes & Fittings","SkippedExisting","downloads\MAT-001882.webp","","","","","",""
"10","MAT-001883","PVC Pipe 1"" - Finolex","Finolex PVC Pipe 1 inch | PVC Pipe 1 inch | Finolex PVC Pipe | PVC Pipe | Pipe Plumbing PVC Pipes & Fittings | Plumbing PVC Pipes & Fittings","SkippedExisting","downloads\MAT-001883.webp","","","","","",""
"11","MAT-001891","PVC Pipe 200mm - Finolex","Finolex PVC Pipe 200 mm | PVC Pipe 200 mm | Finolex PVC Pipe | PVC Pipe | Pipe Plumbing PVC Pipes & Fittings | Plumbing PVC Pipes & Fittings","DownloadedPendingReview","downloads\MAT-001891.webp","https://www.flickr.com/photos/23870457@N06/2269567444","https://live.staticflickr.com/2195/2269567444_6a61e07287_b.jpg","Pam_Broviak","by-sa","https://creativecommons.org/licenses/by-sa/2.0/",""
"12","MAT-001892","PVC Pipe 250mm - Finolex","Finolex PVC Pipe 250 mm | PVC Pipe 250 mm | Finolex PVC Pipe | PVC Pipe | Pipe Plumbing PVC Pipes & Fittings | Plumbing PVC Pipes & Fittings","DownloadedPendingReview","downloads\MAT-001892.webp","https://www.flickr.com/photos/67513462@N00/125509297","https://live.staticflickr.com/55/125509297_e7b05d82bd_b.jpg","billjacobus1","by","https://creativecommons.org/licenses/by/2.0/",""
"13","MAT-001479","CPVC Elbow 3/4"" Tru - Pipes","Generic CPVC Elbow Tru 3/4 inch | CPVC Elbow Tru 3/4 inch | Generic CPVC Elbow Tru | CPVC Elbow Tru | Elbow Plumbing - CPVC | Plumbing - CPVC","DownloadedPendingReview","downloads\MAT-001479.webp","https://www.flickr.com/photos/42928885@N00/3420392630","https://live.staticflickr.com/3406/3420392630_8e8d68711a_b.jpg","PatHayes","by-sa","https://creativecommons.org/licenses/by-sa/2.0/",""
"14","MAT-001482","CPVC Elbow 1-1/4"" Tru - Pipes","Generic CPVC Elbow 1 Tru 1/4 inch | CPVC Elbow 1 Tru 1/4 inch | Generic CPVC Elbow 1 Tru | CPVC Elbow 1 Tru | Elbow Plumbing - CPVC | Plumbing - CPVC","DownloadedPendingReview","downloads\MAT-001482.webp","https://www.flickr.com/photos/24591843@N00/2633145917","https://live.staticflickr.com/3185/2633145917_66c539015a_b.jpg","acjetter","by-nc-nd","https://creativecommons.org/licenses/by-nc-nd/2.0/",""
"15","MAT-001489","CPVC Pipe 1"" - Finolex","Finolex CPVC Pipe 1 inch | CPVC Pipe 1 inch | Finolex CPVC Pipe | CPVC Pipe | Pipe Plumbing - CPVC | Plumbing - CPVC","DownloadedPendingReview","downloads\MAT-001489.webp","https://commons.wikimedia.org/w/index.php?curid=4203830","https://upload.wikimedia.org/wikipedia/commons/c/cd/Cpvc_sprinkler_rohr_kanadische_holzkabache.jpg","Achim Hering","by","https://creativecommons.org/licenses/by/3.0/",""
"16","MAT-001501","CPVC Elbow 1"" Tru - Pipes","Generic CPVC Elbow Tru 1 inch | CPVC Elbow Tru 1 inch | Generic CPVC Elbow Tru | CPVC Elbow Tru | Elbow Plumbing - CPVC | Plumbing - CPVC","DownloadedPendingReview","downloads\MAT-001501.webp","https://www.flickr.com/photos/42928885@N00/3487273633","https://live.staticflickr.com/3586/3487273633_951a80ae59_b.jpg","PatHayes","by-sa","https://creativecommons.org/licenses/by-sa/2.0/",""
"17","MAT-001502","CPVC Elbow 1/2"" Tru - Pipes","Generic CPVC Elbow Tru 1/2 inch | CPVC Elbow Tru 1/2 inch | Generic CPVC Elbow Tru | CPVC Elbow Tru | Elbow Plumbing - CPVC | Plumbing - CPVC","DownloadedPendingReview","downloads\MAT-001502.webp","https://www.thingiverse.com/thing:4258621","https://cdn.thingiverse.com/assets/a7/82/8c/4c/eb/large_display_MASK_7.png","Marz Chart","cc0","https://creativecommons.org/publicdomain/zero/1.0/",""
"18","MAT-001511","CPVC Pipe 1-1/2"" - Finolex","Finolex CPVC Pipe 1 1/2 inch | CPVC Pipe 1 1/2 inch | Finolex CPVC Pipe 1 | CPVC Pipe 1 | Pipe Plumbing - CPVC | Plumbing - CPVC","DownloadedPendingReview","downloads\MAT-001511.webp","https://commons.wikimedia.org/w/index.php?curid=25823635","https://upload.wikimedia.org/wikipedia/commons/f/f1/Pipeing.jpeg","Jchism4804","by-sa","https://creativecommons.org/licenses/by-sa/3.0/",""
"19","MAT-001512","CPVC Pipe 2"" - Finolex","Finolex CPVC Pipe 2 inch | CPVC Pipe 2 inch | Finolex CPVC Pipe | CPVC Pipe | Pipe Plumbing - CPVC | Plumbing - CPVC","DownloadedPendingReview","downloads\MAT-001512.webp","https://www.flickr.com/photos/195407295@N03/52599633266","https://live.staticflickr.com/65535/52599633266_4e97d5e674.jpg","creativeminds12","pdm","https://creativecommons.org/publicdomain/mark/1.0/",""
"20","MAT-001529","CPVC Pipe 1/2"" - Finolex","Finolex CPVC Pipe 1/2 inch | CPVC Pipe 1/2 inch | Finolex CPVC Pipe | CPVC Pipe | Pipe Plumbing - CPVC | Plumbing - CPVC","DownloadedPendingReview","downloads\MAT-001529.webp","https://www.thingiverse.com/thing:4258621","https://cdn.thingiverse.com/assets/4c/13/71/6a/02/large_display_BOX_2.png","Marz Chart","cc0","https://creativecommons.org/publicdomain/zero/1.0/","Image too small: 158x200"
"21","MAT-002115","UPVC Pipe Clip 1/2"" - Astral","Astral UPVC Pipe Clip 1/2 inch | UPVC Pipe Clip 1/2 inch | Astral UPVC Pipe Clip | UPVC Pipe Clip | Pipe Plumbing-UPVC | Plumbing-UPVC","DownloadedPendingReview","downloads\MAT-002115.webp","https://www.flickr.com/photos/39691453@N00/4926192305","https://live.staticflickr.com/4077/4926192305_8b947095d6_b.jpg","i_gallagher","by-nc-sa","https://creativecommons.org/licenses/by-nc-sa/2.0/",""
"22","MAT-002116","UPVC Pipe Clip 3/4"" - Astral","Astral UPVC Pipe Clip 3/4 inch | UPVC Pipe Clip 3/4 inch | Astral UPVC Pipe Clip | UPVC Pipe Clip | Pipe Plumbing-UPVC | Plumbing-UPVC","DownloadFailed","downloads\MAT-002116.webp","","","","","",""
"23","MAT-002117","UPVC Pipe Clip 1"" - Astral","Astral UPVC Pipe Clip 1 inch | UPVC Pipe Clip 1 inch | Astral UPVC Pipe Clip | UPVC Pipe Clip | Pipe Plumbing-UPVC | Plumbing-UPVC","DownloadFailed","downloads\MAT-002117.webp","","","","","",""
"24","MAT-002118","UPVC Pipe Clip 1-1/4"" - Astral","Astral UPVC Pipe Clip 1 1/4 inch | UPVC Pipe Clip 1 1/4 inch | Astral UPVC Pipe Clip 1 | UPVC Pipe Clip 1 | Pipe Plumbing-UPVC | Plumbing-UPVC","DownloadFailed","downloads\MAT-002118.webp","","","","","",""
"25","MAT-002119","UPVC Pipe Clip 1-1/2"" - Astral","Astral UPVC Pipe Clip 1 1/2 inch | UPVC Pipe Clip 1 1/2 inch | Astral UPVC Pipe Clip 1 | UPVC Pipe Clip 1 | Pipe Plumbing-UPVC | Plumbing-UPVC","DownloadFailed","downloads\MAT-002119.webp","","","","","",""
"26","MAT-002120","UPVC Pipe Clip 2"" - Astral","Astral UPVC Pipe Clip 2 inch | UPVC Pipe Clip 2 inch | Astral UPVC Pipe Clip | UPVC Pipe Clip | Pipe Plumbing-UPVC | Plumbing-UPVC","DownloadFailed","downloads\MAT-002120.webp","","","","","",""
"27","MAT-002089","UPVC Elbow 1/2"" - Astral","Astral UPVC Elbow 1/2 inch | UPVC Elbow 1/2 inch | Astral UPVC Elbow | UPVC Elbow | Elbow Plumbing-UPVC | Plumbing-UPVC","DownloadFailed","downloads\MAT-002089.webp","","","","","",""
"28","MAT-002090","UPVC Elbow 3/4"" - Astral","Astral UPVC Elbow 3/4 inch | UPVC Elbow 3/4 inch | Astral UPVC Elbow | UPVC Elbow | Elbow Plumbing-UPVC | Plumbing-UPVC","DownloadFailed","downloads\MAT-002090.webp","","","","","",""
"29","MAT-000933","HDPE Pipe 1.5"" - Astral","Astral HDPE Pipe 1.5 inch | HDPE Pipe 1.5 inch | Astral HDPE Pipe | HDPE Pipe | Pipe HDPE Pipe & Fitting | HDPE Pipe & Fitting","DownloadedPendingReview","downloads\MAT-000933.webp","https://commons.wikimedia.org/w/index.php?curid=22486050","https://upload.wikimedia.org/wikipedia/commons/5/53/Hdpe_pipe_installation.jpg","Tomascastelazo","by-sa","https://creativecommons.org/licenses/by-sa/3.0/",""
"30","MAT-000934","HDPE Pipe 2.5"" - Astral","Astral HDPE Pipe 2.5 inch | HDPE Pipe 2.5 inch | Astral HDPE Pipe | HDPE Pipe | Pipe HDPE Pipe & Fitting | HDPE Pipe & Fitting","DownloadedPendingReview","downloads\MAT-000934.webp","https://www.flickr.com/photos/7821771@N05/2144356253","https://live.staticflickr.com/2274/2144356253_e880d8a2a8.jpg","WSDOT","by-nc-nd","https://creativecommons.org/licenses/by-nc-nd/2.0/",""
"31","MAT-000935","HDPE Pipe 3"" - Astral","Astral HDPE Pipe 3 inch | HDPE Pipe 3 inch | Astral HDPE Pipe | HDPE Pipe | Pipe HDPE Pipe & Fitting | HDPE Pipe & Fitting","DownloadedPendingReview","downloads\MAT-000935.webp","https://commons.wikimedia.org/w/index.php?curid=56397948","https://upload.wikimedia.org/wikipedia/commons/8/8f/120_inch_HDPE_pipe_installation_3.jpg","Tomascastelazo","by-sa","https://creativecommons.org/licenses/by-sa/4.0/",""
"32","MAT-000936","HDPE Pipe 4"" - Astral","Astral HDPE Pipe 4 inch | HDPE Pipe 4 inch | Astral HDPE Pipe | HDPE Pipe | Pipe HDPE Pipe & Fitting | HDPE Pipe & Fitting","DownloadedPendingReview","downloads\MAT-000936.webp","https://commons.wikimedia.org/w/index.php?curid=75857374","https://upload.wikimedia.org/wikipedia/commons/f/fb/Electrofusion_Welding_of_HDPE_Pipe.jpg","GordonJ86","by-sa","https://creativecommons.org/licenses/by-sa/4.0/",""
"33","MAT-000937","HDPE Pipe 6"" - Astral","Astral HDPE Pipe 6 inch | HDPE Pipe 6 inch | Astral HDPE Pipe | HDPE Pipe | Pipe HDPE Pipe & Fitting | HDPE Pipe & Fitting","DownloadedPendingReview","downloads\MAT-000937.webp","https://www.flickr.com/photos/87297882@N03/29109062130","https://live.staticflickr.com/8293/29109062130_26aae033ba_b.jpg","Aaron Volkening","by","https://creativecommons.org/licenses/by/2.0/",""
"34","MAT-000938","HDPE Pipe 8"" - Astral","Astral HDPE Pipe 8 inch | HDPE Pipe 8 inch | Astral HDPE Pipe | HDPE Pipe | Pipe HDPE Pipe & Fitting | HDPE Pipe & Fitting","DownloadedPendingReview","downloads\MAT-000938.webp","https://commons.wikimedia.org/w/index.php?curid=73956351","https://upload.wikimedia.org/wikipedia/commons/4/4e/Orange_and_Yellow_HDPE_Pipe.jpg","GordonJ86","by-sa","https://creativecommons.org/licenses/by-sa/4.0/",""
"35","MAT-000939","HDPE Pipe 1"" - Astral","Astral HDPE Pipe 1 inch | HDPE Pipe 1 inch | Astral HDPE Pipe | HDPE Pipe | Pipe HDPE Pipe & Fitting | HDPE Pipe & Fitting","DownloadedPendingReview","downloads\MAT-000939.webp","https://www.flickr.com/photos/55207656@N05/50072630642","https://live.staticflickr.com/65535/50072630642_d1e5a7e8bb_b.jpg","TranBC","by-nc-nd","https://creativecommons.org/licenses/by-nc-nd/2.0/",""
"36","MAT-000198","Cement 50kg Bag - OPC 53 Grade - Ambuja","Ambuja Cement 50kg Bag OPC 53 Grade | Cement 50kg Bag OPC 53 Grade | OPC 53 Grade Cement | Cement","DownloadedPendingReview","downloads\MAT-000198.webp","https://www.flickr.com/photos/8078381@N03/2202405561","https://live.staticflickr.com/2413/2202405561_ffbf6b1bb8_b.jpg","pareeerica","by-nc","https://creativecommons.org/licenses/by-nc/2.0/",""
"37","MAT-000199","Cement 50kg Bag - OPC 43 Grade - Ambuja","Ambuja Cement 50kg Bag OPC 43 Grade | Cement 50kg Bag OPC 43 Grade | OPC 43 Grade Cement | Cement","DownloadedPendingReview","downloads\MAT-000199.webp","https://www.flickr.com/photos/49432626@N08/5101958022","https://live.staticflickr.com/1320/5101958022_62144d3e02_b.jpg","Robiwan_Kenobi","by-nc","https://creativecommons.org/licenses/by-nc/2.0/",""
"38","MAT-000200","Cement 50kg Bag - PPC - Ambuja","Ambuja Cement 50kg Bag PPC | Cement 50kg Bag PPC | PPC Cement | Cement","DownloadedPendingReview","downloads\MAT-000200.webp","https://commons.wikimedia.org/w/index.php?curid=57485365","https://upload.wikimedia.org/wikipedia/commons/d/db/PPC_Cement_Freightliner_Columbia_%2818424676351%29.jpg","Bob Adams from Amanzimtoti, South Africa","by-sa","https://creativecommons.org/licenses/by-sa/2.0/",""
"39","MAT-000201","Cement 50kg Bag - PSC - Ambuja","Ambuja Cement 50kg Bag PSC | Cement 50kg Bag PSC | PSC Cement | Cement","DownloadedPendingReview","downloads\MAT-000201.webp","https://www.flickr.com/photos/59952459@N08/28177685616","https://live.staticflickr.com/8756/28177685616_bbcf3611e0_b.jpg","alisdare1","by-nc","https://creativecommons.org/licenses/by-nc/2.0/",""
"40","MAT-000202","Cement 50kg Bag - OPC 53 Grade - Shree","Shree Cement 50kg Bag OPC 53 Grade | Cement 50kg Bag OPC 53 Grade | OPC 53 Grade Cement | Cement","DownloadedPendingReview","downloads\MAT-000202.webp","https://www.flickr.com/photos/30282864@N02/3461563547","https://live.staticflickr.com/3595/3461563547_b1a4093c7a_b.jpg","{AndreaRenee}","by","https://creativecommons.org/licenses/by/2.0/",""
"41","MAT-000203","Cement 50kg Bag - OPC 43 Grade - Shree","Shree Cement 50kg Bag OPC 43 Grade | Cement 50kg Bag OPC 43 Grade | OPC 43 Grade Cement | Cement","DownloadedPendingReview","downloads\MAT-000203.webp","https://www.flickr.com/photos/14214150@N02/8757865770","https://live.staticflickr.com/7366/8757865770_72995c2de3_b.jpg","DFID - UK Department for International Development","by","https://creativecommons.org/licenses/by/2.0/",""
"42","MAT-000204","Cement 50kg Bag - PPC - Shree","Shree Cement 50kg Bag PPC | Cement 50kg Bag PPC | PPC Cement | Cement","DownloadedPendingReview","downloads\MAT-000204.webp","https://www.flickr.com/photos/46185203@N05/18424676351","https://live.staticflickr.com/7730/18424676351_a294eeedd9_b.jpg","Asylumkid","by-sa","https://creativecommons.org/licenses/by-sa/2.0/",""
"43","MAT-000205","Cement 50kg Bag - PSC - Shree","Shree Cement 50kg Bag PSC | Cement 50kg Bag PSC | PSC Cement | Cement","DownloadedPendingReview","downloads\MAT-000205.webp","https://www.flickr.com/photos/59952459@N08/28107422732","https://live.staticflickr.com/8731/28107422732_7e99697d80_b.jpg","alisdare1","by-nc","https://creativecommons.org/licenses/by-nc/2.0/",""
"44","MAT-000190","Cement 50kg Bag - OPC 53 Grade - Ultratech","Ultratech Cement 50kg Bag OPC 53 Grade | Cement 50kg Bag OPC 53 Grade | OPC 53 Grade Cement | Cement","DownloadedPendingReview","downloads\MAT-000190.webp","https://www.flickr.com/photos/8078381@N03/2202397199","https://live.staticflickr.com/2400/2202397199_636925b00f_b.jpg","pareeerica","by-nc","https://creativecommons.org/licenses/by-nc/2.0/",""
"45","MAT-000191","Cement 50kg Bag - OPC 43 Grade - Ultratech","Ultratech Cement 50kg Bag OPC 43 Grade | Cement 50kg Bag OPC 43 Grade | OPC 43 Grade Cement | Cement","DownloadedPendingReview","downloads\MAT-000191.webp","https://www.flickr.com/photos/8078381@N03/2773524259","https://live.staticflickr.com/3114/2773524259_367d561733_b.jpg","pareeerica","by-nc","https://creativecommons.org/licenses/by-nc/2.0/",""
"46","MAT-000192","Cement 50kg Bag - PPC - Ultratech","Ultratech Cement 50kg Bag PPC | Cement 50kg Bag PPC | PPC Cement | Cement","DownloadedPendingReview","downloads\MAT-000192.webp","https://www.flickr.com/photos/13522901@N00/2961059","https://live.staticflickr.com/1/2961059_77290c92d2_b.jpg","splorp","by-nc-nd","https://creativecommons.org/licenses/by-nc-nd/2.0/",""
"47","MAT-000193","Cement 50kg Bag - PSC - Ultratech","Ultratech Cement 50kg Bag PSC | Cement 50kg Bag PSC | PSC Cement | Cement","DownloadedPendingReview","downloads\MAT-000193.webp","https://www.flickr.com/photos/59952459@N08/28133684681","https://live.staticflickr.com/8789/28133684681_1e9611b948_b.jpg","alisdare1","by-nc","https://creativecommons.org/licenses/by-nc/2.0/",""
"48","MAT-000194","Cement 50kg Bag - OPC 53 Grade - ACC","ACC Cement 50kg Bag OPC 53 Grade | Cement 50kg Bag OPC 53 Grade | OPC 53 Grade Cement | Cement","DownloadedPendingReview","downloads\MAT-000194.webp","https://www.flickr.com/photos/91994044@N00/8535310941","https://live.staticflickr.com/8087/8535310941_1f1a7e24a6_b.jpg","quinet","by","https://creativecommons.org/licenses/by/2.0/",""
"49","MAT-000195","Cement 50kg Bag - OPC 43 Grade - ACC","ACC Cement 50kg Bag OPC 43 Grade | Cement 50kg Bag OPC 43 Grade | OPC 43 Grade Cement | Cement","DownloadedPendingReview","downloads\MAT-000195.webp","https://www.flickr.com/photos/8078381@N03/2787609571","https://live.staticflickr.com/3296/2787609571_cedb37f45a_b.jpg","pareeerica","by-nc","https://creativecommons.org/licenses/by-nc/2.0/",""
"50","MAT-000196","Cement 50kg Bag - PPC - ACC","ACC Cement 50kg Bag PPC | Cement 50kg Bag PPC | PPC Cement | Cement","DownloadedPendingReview","downloads\MAT-000196.webp","https://www.flickr.com/photos/63315541@N05/10036781546","https://live.staticflickr.com/7292/10036781546_2c01940ab4_b.jpg","UNU-WIDER","by-nc","https://creativecommons.org/licenses/by-nc/2.0/",""